{
  "FacebookHomePage" : {
    "transaction" : "FacebookHomePage",
    "sampleCount" : 1000,
    "errorCount" : 989,
    "errorPct" : 98.9,
    "meanResTime" : 35933.41699999999,
    "medianResTime" : 29039.0,
    "minResTime" : 15170.0,
    "maxResTime" : 100553.0,
    "pct1ResTime" : 69955.6,
    "pct2ResTime" : 71565.15,
    "pct3ResTime" : 76317.88,
    "throughput" : 9.931078316483605,
    "receivedKBytesPerSec" : 44.76620728705285,
    "sentKBytesPerSec" : 0.8060660578088069
  },
  "FacebookHomePage-0" : {
    "transaction" : "FacebookHomePage-0",
    "sampleCount" : 699,
    "errorCount" : 0,
    "errorPct" : 0.0,
    "meanResTime" : 21129.949928469243,
    "medianResTime" : 14670.0,
    "minResTime" : 2163.0,
    "maxResTime" : 59607.0,
    "pct1ResTime" : 49960.0,
    "pct2ResTime" : 51970.0,
    "pct3ResTime" : 55491.0,
    "throughput" : 11.721501157058055,
    "receivedKBytesPerSec" : 7.039506746361136,
    "sentKBytesPerSec" : 1.3392730814216722
  },
  "Total" : {
    "transaction" : "Total",
    "sampleCount" : 2398,
    "errorCount" : 1677,
    "errorPct" : 69.93328,
    "meanResTime" : 27241.942869057526,
    "medianResTime" : 21050.0,
    "minResTime" : 2163.0,
    "maxResTime" : 100553.0,
    "pct1ResTime" : 51330.79999999998,
    "pct2ResTime" : 67214.14999999995,
    "pct3ResTime" : 74617.54,
    "throughput" : 23.814725802927683,
    "receivedKBytesPerSec" : 80.91499291789977,
    "sentKBytesPerSec" : 1.6121321156176138
  },
  "FacebookHomePage-1" : {
    "transaction" : "FacebookHomePage-1",
    "sampleCount" : 699,
    "errorCount" : 688,
    "errorPct" : 98.42632,
    "meanResTime" : 20919.78111587982,
    "medianResTime" : 21040.0,
    "minResTime" : 2397.0,
    "maxResTime" : 22761.0,
    "pct1ResTime" : 21055.0,
    "pct2ResTime" : 22027.0,
    "pct3ResTime" : 22726.0,
    "throughput" : 8.920139863709451,
    "receivedKBytesPerSec" : 41.09353864117813,
    "sentKBytesPerSec" : 0.016587181127332127
  }
}