{
  "FacebookHomePage" : {
    "transaction" : "FacebookHomePage",
    "sampleCount" : 44,
    "errorCount" : 0,
    "errorPct" : 0.0,
    "meanResTime" : 340.77272727272714,
    "medianResTime" : 297.0,
    "minResTime" : 277.0,
    "maxResTime" : 991.0,
    "pct1ResTime" : 396.0,
    "pct2ResTime" : 821.75,
    "pct3ResTime" : 991.0,
    "throughput" : 2.9235880398671097,
    "receivedKBytesPerSec" : 240.1445052948505,
    "sentKBytesPerSec" : 0.6795058139534883
  },
  "FacebookHomePage-0" : {
    "transaction" : "FacebookHomePage-0",
    "sampleCount" : 44,
    "errorCount" : 0,
    "errorPct" : 0.0,
    "meanResTime" : 140.27272727272728,
    "medianResTime" : 111.0,
    "minResTime" : 104.0,
    "maxResTime" : 802.0,
    "pct1ResTime" : 146.0,
    "pct2ResTime" : 474.0,
    "pct3ResTime" : 802.0,
    "throughput" : 2.965958881024604,
    "receivedKBytesPerSec" : 1.7838804979777552,
    "sentKBytesPerSec" : 0.33888397371081896
  },
  "Total" : {
    "transaction" : "Total",
    "sampleCount" : 132,
    "errorCount" : 0,
    "errorPct" : 0.0,
    "meanResTime" : 227.10606060606057,
    "medianResTime" : 189.0,
    "minResTime" : 104.0,
    "maxResTime" : 991.0,
    "pct1ResTime" : 343.1,
    "pct2ResTime" : 391.79999999999984,
    "pct3ResTime" : 976.4799999999994,
    "throughput" : 8.77076411960133,
    "receivedKBytesPerSec" : 480.289010589701,
    "sentKBytesPerSec" : 1.3590116279069766
  },
  "FacebookHomePage-1" : {
    "transaction" : "FacebookHomePage-1",
    "sampleCount" : 44,
    "errorCount" : 0,
    "errorPct" : 0.0,
    "meanResTime" : 200.27272727272728,
    "medianResTime" : 187.0,
    "minResTime" : 165.0,
    "maxResTime" : 365.0,
    "pct1ResTime" : 260.0,
    "pct2ResTime" : 316.75,
    "pct3ResTime" : 365.0,
    "throughput" : 3.088586269830128,
    "receivedKBytesPerSec" : 251.83988049276988,
    "sentKBytesPerSec" : 0.36495990102484904
  }
}